onset	duration	trial_type	value
18.579456	10	Left	1
30.277632	10	Right	1
47.480832	10	Right	1
63.0784	10	Left	1
79.478784	10	Left	1
93.814784	10	Left	1
105.168896	10	Right	1
120.307712	10	Right	1
137.396224	10	Left	1
154.599424	10	Left	1
166.2976	10	Left	1
184.991744	10	Right	1
200.704	10	Right	1
215.269376	10	Left	1
236.142592	10	Right	1
252.3136	10	Right	1
267.911168	10	Left	1
279.379968	10	Right	1
296.812544	10	Left	1
309.772288	10	Left	1
330.072064	10	Left	1
345.554944	10	Right	1
359.317504	10	Right	1
375.144448	10	Right	1
388.79232	10	Right	1
409.321472	10	Left	1
420.90496	10	Left	1
437.53472	10	Left	1
456.916992	10	Right	1
471.94112	10	Right	1
