onset	duration	trial_type	value
19.267584	10	Right	1
34.291712	10	Right	1
52.75648	10	Left	1
64.454656	10	Left	1
81.887232	10	Left	1
99.20512	10	Left	1
115.146752	10	Left	1
131.8912	10	Right	1
148.750336	10	Right	1
162.054144	10	Right	1
176.390144	10	Left	1
189.349888	10	Left	1
201.736192	10	Left	1
216.18688	10	Right	1
232.013824	10	Right	1
245.776384	10	Right	1
259.080192	10	Right	1
272.728064	10	Left	1
286.261248	10	Right	1
303.120384	10	Left	1
319.40608	10	Left	1
338.3296	10	Right	1
353.353728	10	Right	1
373.194752	10	Right	1
387.760128	10	Right	1
403.013632	10	Left	1
415.514624	10	Left	1
432.259072	10	Left	1
449.462272	10	Left	1
465.289216	10	Right	1
